<?xml version="1.0"?>
<!DOCTYPE modification SYSTEM "http://www.simplemachines.org/xml/modification">
<modification xmlns="http://www.simplemachines.org/xml/modification" xmlns:smf="http://www.simplemachines.org/">
<id>Colin:ForgotPasswordEmailOnly</id>
<name>ForgotPasswordEmailOnly</name>
<version>1.0</version>

<file name="$languagedir/Profile.english.php">
	<operation>
        <search position="replace">
$txt['user_email'] = 'Username/Email';
        </search>
		<add><![CDATA[
$txt['user_email'] = 'Email';
]]></add>
	</operation>
</file>
</modification>
