<?xml version="1.0"?>
<!DOCTYPE package-info SYSTEM "http://www.simplemachines.org/xml/package-info">

<package-info xmlns="http://www.simplemachines.org/xml/package-info" xmlns:smf="http://www.simplemachines.org/">
	<id>Colin:ForgotPasswordEmailOnly</id>
	<name>Forgot Password Email Only</name>
	<type>modification</type>
	<version>1.0</version>

	<install for="2.0 - 2.0.99">
		<readme parsebbc="true">readme.txt</readme>
		<modification>install_20x.xml</modification>
		<modification>language_english.xml</modification>
	</install>
	<uninstall for="2.0 - 2.0.99">
		<modification reverse="true">install_20x.xml</modification>
		<modification reverse="true">language_english.xml</modification>
	</uninstall>
</package-info>
